Workbook

Sheet Config
C3: 1 USD = | D3: 1.43 | E3: AUD
L4: Parts | P4: Total
E5: Quantities | G5: Bare PCB | H5: Assembly | I5: Shipping | L5: Digikey | N5: LCSC | P5: Digikey | R5: LCSC
C7: MotorDriver | E7: 350 | G7: 6 | H7: 9 | I7: 2 | L7: =Build_2027!P34 -> 11.7241 | N7: =Build_2027!Q34 -> 6.302725 | P7: =E7*(L7+SUM(G7:I7)) -> 10053.435 | R7: =E7*(N7+SUM(G7:I7)) -> 8155.9537
C9: MotorDriver BOB | E9: 100 | G9: 6 | H9: 9 | I9: 2 | L9: =Build_2027!U31 -> 0.9704 | N9: =Build_2027!V31 -> 0.8053 | P9: =E9*(L9+SUM(G9:I9)) -> 1797.04 | R9: =E9*(N9+SUM(G9:I9)) -> 1780.53
P14: =SUM(P7:P13) -> 11850.475 | R14: =SUM(R7:R13) -> 9936.4837 | T14: TOTALS

Sheet Build_2027
H1: Digikey | K1: LCSC | N1: ESP32 Motor Driver | S1: ESP32 Motor Driver BOB
B2: Description | C2: Value | D2: Footprint | E2: Manufacturer | F2: PN_Manufacturer | H2: PN_Digikey | I2: Price Each | K2: PN_LCSC | L2: Price Each | N2: References | O2: Quantity | P2: Cost_Digikey | Q2: Cost_LCSC | S2: References | T2: Quantity | U2: Cost_Digikey | V2: Cost_LCSC
B3: Capacitor | C3: 10uF | D3: 0805 | E3: Samsung Electro-Mechanics | F3: CL21A106KAYNNNE | H3: 1276-2891-1-ND | I3: 0.1112 | K3: C15850 | L3: 0.0695 | N3: C1,C3,C5,C7,C11,C15 | O3: 6 | P3: =O3*I3 -> 0.6672 | Q3: =O3*L3 -> 0.417 | T3: 3 | U3: =T3*I3 -> 0.3336 | V3: =T3*L3 -> 0.2085
B4: Capacitor | C4: 100nF | D4: 0402 | E4: Murata | F4: GRM155R71H104KE14D | H4: 490-10700-1-ND | I4: 0.0208 | K4: C77020 | L4: 0.0091 | N4: C2,C4,C6,C8,C12,C13,C14 | O4: 7 | P4: =O4*I4 -> 0.1456 | Q4: =O4*L4 -> 0.0637 | T4: 3 | U4: =T4*I4 -> 0.0624 | V4: =T4*L4 -> 0.0273
B5: Capacitor | C5: 22uF | D5: 0805 | E5: Samsung Electro-Mechanics | F5: CL21A226MAQNNNE | H5: 1276-2908-1-ND | I5: 0.31 | K5: C45783 | L5: 0.2394 | N5: C9,C10 | O5: 2 | P5: =O5*I5 -> 0.62 | Q5: =O5*L5 -> 0.4788 | U5: =T5*I5 -> 0 | V5: =T5*L5 -> 0
B6: Diode | C6: SS14HE | D6: SOD-323F | E6: Onsemi | F6: SS14HE | H6: SS14HECT-ND | I6: 0.3358 | K6: C894424 | L6: 0.1724 | N6: D1,D2 | O6: 2 | P6: =O6*I6 -> 0.6716 | Q6: =O6*L6 -> 0.3448 | U6: =T6*I6 -> 0 | V6: =T6*L6 -> 0
B7: Diode | C7: SMAJ12A | D7: :D_SMA | E7: Littelfuse | F7: SMAJ12A | H7: SMAJ12ALFCT-ND | I7: 0.28 | K7: C148213 | L7: 0.089 | N7: D3 | O7: 1 | P7: =O7*I7 -> 0.28 | Q7: =O7*L7 -> 0.089 | U7: =T7*I7 -> 0 | V7: =T7*L7 -> 0
B8: Fuse | C8: Polyfuse 3A | D8: 1812 | E8: Bourns | F8: MF-MSMF250/16X-2 | H8: MF-MSMF250-16X-2CT-ND | I8: 0.5447 | K8: C210838 | L8: 0.1557 | N8: F1 | O8: 1 | P8: =O8*I8 -> 0.5447 | Q8: =O8*L8 -> 0.1557 | U8: =T8*I8 -> 0 | V8: =T8*L8 -> 0
B9: Fuse | C9: Polyfuse 500mA | D9: 0805 | E9: Littelfuse | F9: 0805L050WR | H9: F2772CT-ND | I9: 0.556 | K9: C207022 | L9: 0.0924 | N9: F2 | O9: 1 | P9: =O9*I9 -> 0.556 | Q9: =O9*L9 -> 0.0924 | U9: =T9*I9 -> 0 | V9: =T9*L9 -> 0
B10: Connector | C10: USB_C_Receptacle_USB2.0 | D10: HRO_TYPE-C-31-M-12 | K10: C165948 | L10: 0.1483 | N10: J1 | O10: 1 | P10: =O10*I10 -> 0 | Q10: =O10*L10 -> 0.1483 | U10: =T10*I10 -> 0 | V10: =T10*L10 -> 0
B11: Connector | C11: Conn_01x06 | D11: 1x06_P2.54mm_Vertical | N11: J2 | O11: 1 | P11: =O11*I11 -> 0 | Q11: =O11*L11 -> 0 | U11: =T11*I11 -> 0 | V11: =T11*L11 -> 0
B12: Connector | C12: Conn_01x05 | D12: 1x05_P2.54mm_Vertical | N12: J4 | O12: 1 | P12: =O12*I12 -> 0 | Q12: =O12*L12 -> 0 | U12: =T12*I12 -> 0 | V12: =T12*L12 -> 0
B13: Connector | C13: Conn_01x07 | D13: 1x07_P2.54mm_Vertical | N13: J6 | O13: 1 | P13: =O13*I13 -> 0 | Q13: =O13*L13 -> 0 | U13: =T13*I13 -> 0 | V13: =T13*L13 -> 0
B14: Connector | C14: Conn_01x17 | D14: 1x17_P2.54mm_Vertical | N14: J7 | O14: 1 | P14: =O14*I14 -> 0 | Q14: =O14*L14 -> 0 | U14: =T14*I14 -> 0 | V14: =T14*L14 -> 0
B15: Connector | C15: XT30 | D15: AMASS_XT30PW-M | E15: Amass | F15: XT30PW-M30.G.Y | K15: C431092 | L15: 0.2577 | O15: 0 | P15: =O15*I15 -> 0 | Q15: =O15*L15 -> 0 | T15: 1 | U15: =T15*I15 -> 0 | V15: =T15*L15 -> 0.2577
B16: Inductor | C16: 4.7uH | D16: 1008 | E16: Murata | F16: DFE252012F-4R7M=P2 | H16: 490-13051-1-ND | I16: 0.2641 | K16: C668313 | L16: 0.1177 | N16: L1 | O16: 1 | P16: =O16*I16 -> 0.2641 | Q16: =O16*L16 -> 0.1177 | U16: =T16*I16 -> 0 | V16: =T16*L16 -> 0
B17: MOSFET | C17: AO3407A | D17: SOT-23 | E17: Alpha & Omega Semiconductor | F17: AO3407A | H17: 785-1006-1-ND | I17: 0.2975 | K17: C15155 | L17: 0.0782 | N17: Q1 | O17: 1 | P17: =O17*I17 -> 0.2975 | Q17: =O17*L17 -> 0.0782 | T17: 1 | U17: =T17*I17 -> 0.2975 | V17: =T17*L17 -> 0.0782
B18: Resistor | C18: 5k1 | D18: 0402 | E18: Yageo | F18: RC0402FR-075K1L | H18: 311-5.10KLRCT-ND | I18: 0.0141 | K18: C25905 | L18: 0.0024 | N18: R1,R2 | O18: 2 | P18: =O18*I18 -> 0.0282 | Q18: =O18*L18 -> 0.0048 | U18: =T18*I18 -> 0 | V18: =T18*L18 -> 0
B19: Resistor | C19: 10k | D19: 0402 | E19: Yageo | F19: RC0402FR-0710KL | H19: 311-10.0KLRCT-ND | I19: 0.0141 | K19: C25744 | L19: 0.0034 | N19: R3,R4,R11,R12 | O19: 4 | P19: =O19*I19 -> 0.0564 | Q19: =O19*L19 -> 0.0136 | T19: 4 | U19: =T19*I19 -> 0.0564 | V19: =T19*L19 -> 0.0136
B20: Resistor | C20: 22R | D20: 0402 | E20: Yageo | F20: RC0402FR-0722RL | H20: 311-22.0LRCT-ND | I20: 0.015 | K20: C25092 | L20: 0.0028 | N20: R5,R6 | O20: 2 | P20: =O20*I20 -> 0.03 | Q20: =O20*L20 -> 0.0056 | U20: =T20*I20 -> 0 | V20: =T20*L20 -> 0
B21: Switch | C21: RESET | D21: SMD STO | E21: Mitsumi | F21: R-667995 | H21: 2508-R-667995CT-ND | I21: 0.2052 | K21: C4364645 | L21: 0.3262 | N21: SW1 | O21: 1 | P21: =O21*I21 -> 0.2052 | Q21: =O21*L21 -> 0.3262 | U21: =T21*I21 -> 0 | V21: =T21*L21 -> 0
B22: Switch | C22: BOOT | D22: SMD STO | E22: Mitsumi | F22: R-667995 | H22: 2508-R-667995CT-ND | I22: 0.2052 | K22: C4364645 | L22: 0.3262 | N22: SW2 | O22: 1 | P22: =O22*I22 -> 0.2052 | Q22: =O22*L22 -> 0.3262 | U22: =T22*I22 -> 0 | V22: =T22*L22 -> 0
B23: Module | C23: ESP32-S2-SOLO-N4 | D23: XCVR_ESP32-S2-SOLO-N4 | E23: Espressif Systems | F23: ESP32-S2-SOLO-N4 | H23: 1965-ESP32-S2-SOLO-N4CT-ND | I23: 4.3387 | N23: U1 | O23: 1 | P23: =O23*I23 -> 4.3387 | Q23: =O23*L23 -> 0 | U23: =T23*I23 -> 0 | V23: =T23*L23 -> 0
B24: IC | C24: USBLC6-2SC6 | D24: :SOT-23-6 | E24: STMicroelectronics | F24: USBLC6-2SC6 | H24: 497-5235-1-ND | I24: 0.304 | K24: C7519 | L24: 0.1375 | N24: U2 | O24: 1 | P24: =O24*I24 -> 0.304 | Q24: =O24*L24 -> 0.1375 | U24: =T24*I24 -> 0 | V24: =T24*L24 -> 0
B25: IC | C25: TB6612FNG | D25: SSOP-24_5.3x8.2mm_P0.65mm | E25: Toshiba | F25: TB6612FNG,C,8,EL | H25: TB6612FNGC8ELCT-ND | I25: 1.7786 | K25: C141517 | L25: 0.7547 | N25: U4 | O25: 1 | P25: =O25*I25 -> 1.7786 | Q25: =O25*L25 -> 0.7547 | U25: =T25*I25 -> 0 | V25: =T25*L25 -> 0
B26: IC | C26: AP63203WU | D26: TSOT-23-6 | E26: Diodes Incorporated | F26: AP63203WU-7 | H26: AP63203WU-7DICT-ND | I26: 0.7311 | K26: C780769 | L26: 0.8533 | N26: U5 | O26: 1 | P26: =O26*I26 -> 0.7311 | Q26: =O26*L26 -> 0.8533 | U26: =T26*I26 -> 0 | V26: =T26*L26 -> 0
B27: IC | C27: LDL1117S50R | D27: SOT-223-3 | E27: STMicroelectronics | F27: LDL1117S50R | H27: 497-17240-1-ND | I27: 0.2205 | K27: C970558 | L27: 0.22 | O27: 0 | P27: =O27*I27 -> 0 | Q27: =O27*L27 -> 0 | T27: 1 | U27: =T27*I27 -> 0.2205 | V27: =T27*L27 -> 0.22
B28: LEDs | O28: 0 | P28: =O28*I28 -> 0 | Q28: =O28*L28 -> 0 | T28: 4 | U28: =T28*I28 -> 0 | V28: =T28*L28 -> 0
N31: Total | P31: =SUM(P3:P30) -> 11.7241 | Q31: =SUM(Q3:Q30) -> 4.4075 | S31: Total | U31: =SUM(U3:U30) -> 0.9704 | V31: =SUM(V3:V30) -> 0.8053
P32: AUD | Q32: USD | U32: AUD | V32: USD
P34: =P31 -> 11.7241 | Q34: =Q31*Config!D3 -> 6.302725 | U34: =U31 -> 0.9704 | V34: =V31*Config!D3 -> 1.151579
P35: AUD | Q35: AUD | U35: AUD | V35: AUD
